accession_no,file_name,class,label_1,label_2,label_3,label_4,label_5,label_6,label_7,label_8
NZAC03028810,NZAC03028810_label.jpg,ethanol_flat_mixed,Pleioplectron,NEW ZEALAND WN Orongrongo V\nJune 1976\nAbdul Moeed Pit trap 242\nHard beech forest floor,,,,,,
NZAC03028970,NZAC03028970_label.jpg,ethanol_flat_mixed,From Various Caves.\nPaturau. W. Nelson.\nJan 1961. J.I.Townsend.,,,,,,,
NZAC03028972,NZAC03028972_label.jpg,ethanol_flat_mixed,Wakefield. 11.4.61\nE.S. Gourley +\nG.W. Ramsay,,,,,,,
NZAC03028974,NZAC03028974_label.jpg,ethanol_flat_mixed,"Waterfall Cave,\nPaturau, West Nelson.\n9.2.61 W.P.Thomas\n& J.I.Townsend",,,,,,,
NZAC03028978,NZAC03028978_label.jpg,ethanol_flat_mixed,"In Limestone sinkhole.\nCanaan, Takaka Hill.\nNELSON. Jan. 1961.\nJ.I. Townsend.",,,,,,,
NZAC03028990,NZAC03028990_label.jpg,ethanol_flat_mixed,Pleioplectron,NEW ZEALAND WN Orongrongo V\nApril 1976\nAbdul Moeed Pit trap 232\nBroadleaf forest floor,,,,,,
NZAC03029206,NZAC03029206_label.jpg,ethanol_flat_mixed,AT ENTRANCE SMALL CAVE\nPORT WAIKATO\n1 AUG. 1959. B.M.MAY,04/54,Pachyramma\nwaitomoensis\nRichards\ndet. 1959\nA.M.Richards,Gymnoplectros\nwaitomoensis\n(Richards)\ndet. 1961\nA.M.Richards,,,,
NZAC03029207,NZAC03029207_label.jpg,ethanol_flat_mixed,01/25,NEONETUS SP. BRUNNER\Ndet. A.M.RICHARDS,X. Avondale - \nUnder Bark\n13.Th.Oct 39\nD.Spiller,,,,,
NZAC03029208,NZAC03029208_label.jpg,ethanol_flat_mixed,TALITROPSIS SP.\Nbolivar.\nDet. A.M.RICHARDS,01/14,X.Timber\nTitirangi\n1 Jun 1942\nM.W.Carter,,,,,
NZAC03029309,NZAC03029309_label.jpg,ethanol_flat_mixed,"Rose I, Aucklands Is\n26 Feb 73 J.S. Dugdale +\nB.D. Bell. In boatshed.",Dendroplectron aucklandensis\nDet. G.W.Ramsay 1974 Richards,,,,,,
NZAC03029310,NZAC03029310_label.jpg,ethanol_flat_mixed,Waitui\nC/- Dept of Conservation\nTe Kuiti Dec 1987\nA. McDougall.,NEW ZEALAND WO Morrinsville\n26 Page St. Peggie Jenner\nG.W.R. 87/26,Turbottoplectron\nsp.\nident. G.W. Ramsay 1988,,,,,
NZAC03029311,NZAC03029311_label.jpg,ethanol_flat_mixed,Gymnoplectron\nacanthocera\n(Milligan)\nident. 1989.,NEW ZEALAND AK Murray's Bay\n477 E. Coast Rd. 17 Jan 1989\nD. Swain. Inside house.,,,,,,
NZAC03029314,NZAC03029314_label.jpg,ethanol_flat_mixed,Three Kings Islands\nNov 70. G.W.Ramsay,,,,,,,
NZAC03029315,NZAC03029315_label.jpg,ethanol_flat_mixed,Dendroplectron\naucklandensis\nRichards\ndet. 1970\nA.M.Richards,Magnetic Cove\nStn. 17.i.66\nAdams Id\nAuckland Is\nG.Kuschel\n1500',,,,,,
NZAC03029322,NZAC03029322_label.jpg,ethanol_flat_mixed,NEW ZEALAND CL Sth Coromandel Rd\nHeadwaters of Grace Darling Stn 1 Dec 1988\nG.W. Ramsay. Under logs,,,,,,,
NZAC03029324,NZAC03029324_label.jpg,ethanol_flat_mixed,NEW ZEALAND FD Fiordland\nMt Alexander 792m 23 Mar 1988\nJ.A. Anderson. Amongst granite\nbolders at bush edge.,Rhaphidophoridae\nIsoplectron sp.,,,,,,
NZAC03029327,NZAC03029327_label.jpg,ethanol_flat_mixed,"NEW ZEALAND AK Bethels,\nMatuku Res, 21 Oct-25 Nov 1983\nG.Hall and P.A.Maddison Pit trap 2",,,,,,,
NZAC03029328,NZAC03029328_label.jpg,ethanol_flat_mixed,NEW ZEALAND FD\nBreaksea St Gilbert no 6\nMrss rep 2\nMay 1982 CF Butcher,,,,,,,
NZAC04223871,NZAC04223871_label.jpg,ethanol_flat_mixed,G.W. Ramsay\nInsulano\nPlectrum\nspinosum\nRhaphidophoridae,SNARES IS. N.Z. Biological\nStation 24. feb. 1975\nD.S. Horning. In packing cases\nbelow lower hut,,,,,,
NZAC04223895,NZAC04223895_label.jpg,ethanol_flat_mixed,G.W. Ramsay\nRhapido\n-phoridae,NEW ZEALAND NC Halpins Creek\nArthurs Pass. N.P\n12. Oct. 1970\nCarol. J. Horning,,,,,,
NZAC03021506,NZAC03021506_label.jpg,ethanol_flat_typed,"New Zealand. FD. Kepler Tk. 18 Jan 2018. R.\nLeschen, S. Tassell. RL1997. sifting moss.\n45.444734S°S; 167.680601°E",,,,,,,
NZAC03021532,NZAC03021532_label.jpg,ethanol_flat_typed,"New Zealand. FD. Mavora Lakes. 19 Jan 2018. R.\nLeschen, S. Tassell. RL1999. sifting tussocks. 45°17.438S;\n168°10.896E",,,,,,,
NZAC03038973,NZAC03038973_label.jpg,ethanol_flat_typed,"NEW ZEALAND, NN, Oparara Basin,\nOparara Arches Track, 18 Mar 2020,\n41.15091°S, 172.19077°E, 190m,\nsifted leaf litter, rotten wood & moss\nJ. Shen JWS104 (12)",,,,,,,
NZAC03038985,NZAC03038985_label.jpg,ethanol_flat_typed,"NEW ZEALAND NN, Oparara Basin\nOparara Arches Tk, car park, 18 Mar\n2020, Y. Chen, R. Leschen, J. Shen\n190m, sifting old tree fall with rotten\nWood, RL2190,\n41.15091S, 172.19077E",,,,,,,
NZAC03038992,NZAC03038992_label.jpg,ethanol_flat_typed,"NEW ZEALAND, AK. Waiatarua\nReserve. 22 Mar 2020. Y. Chen.\nRL2194. stressed Pittosporum with sap\nflows, at night. -36.886589S,\n174.825268E",,,,,,,
NZAC04271393,NZAC04271393_label.jpg,ethanol_flat_typed,"NEW ZEALAND, ND, Russell Forest,\nPunaruku Road, 35°23'33""S,\n174°19'10""E, 30 m, sifted moss & rotten\nwoods (moss attached), 09.Nov.2018, J.\nDShen JWS059",,,,,,,
NZAC04271394,NZAC04271394_label.jpg,ethanol_flat_typed,"NEW ZEALAND, DN, Ross creek\nreservoir, 45°84'96""S, 170°49'41""E, 113\nm, sifted Kanuka andSchefflera litter,\n17.Dec.2017, J. Shen & J. Nunn\nJWS041",,,,,,,
NZAC04271395,NZAC04271395_label.jpg,ethanol_flat_typed,"NEW ZEALAND, CL, Mayor I (Tahua)\n10-13 Dec 2001, C. McGuiness,\nT. Jehly, Litter 1L,\n37 17.113S, 176 16.258E",,,,,,,
NZAC04271396,NZAC04271396_label.jpg,ethanol_flat_typed,NEW ZEALAND CL Moehau\nRange Pitfall Trap T 1/20\nFeb 2006 E. Murphy,,,,,,,
NZAC04271397,NZAC04271397_label.jpg,ethanol_flat_typed,"NEW ZEALAND, AK, Waikaretu,\n1770 Waikaretu Valley Rd, Nikau Caves\n23 Mar 2014, G. Hall, C. Green\n37 32.854S, 174 48.324E",,,,,,,
NZAC04271398,NZAC04271398_label.jpg,ethanol_flat_typed,"NEW ZEALAND, AK, Rangitoto Is.,\nNZMS 260 R11 766873, altitude: 35m,\nMetrosideros forest, R179,\nG. M. Barker, March 1999",,,,,,,
NZAC04271399,NZAC04271399_label.jpg,ethanol_flat_typed,NEW ZEALAND GB Te Urewera NP\nLake Waikaremoana 30 Nov 2004\nTrap : FIT 1,,,,,,,
NZAC04271400,NZAC04271400_label.jpg,ethanol_flat_typed,"NEW ZEALAND, CL, Alderman Is,\nRuamahanui I, 7 Nov 2002, M. Wakelin\nUnder rock, 36.57S 176.05E",,,,,,,
NZAC04271401,NZAC04271401_label.jpg,ethanol_flat_typed,"NEW ZEALAND: BR,Nelson\nLks.N.P., n slope Mt.\nRobert, Pinchgut Track\n1290m, 18-26.xii.1984\nNoth. Sol. Elfin for.\nA.Newton/M.Thayer 716","berl.,leaf &\nlog litter,\nforest floor",Inocatops\nsp. 1 3 A\ndet.A.F.Newton 1986,,,,,
NZAC04271402,NZAC04271402_label.jpg,ethanol_flat_typed,"NEW ZEALAND AK,Drury,Maketu\nStm,23 Jan 1982,H.Kuschel\nDecayed wood 82/12",,,,,,,
NZAC04271403,NZAC04271403_label.jpg,ethanol_flat_typed,"NEW ZEALAND, AK, Waimauku\nKerr Taylor Reserve 31 Aug 1996\nG. Hall Pit traps",,,,,,,
NZAC04271404,NZAC04271404_label.jpg,ethanol_flat_typed,"NEW ZEALAND, AK, Bethells Rd,\nMatuku Link 20 Jan 2020\nG. Hall, 36 52.071S, 174 29.437E",,,,,,,
NZAC04271405,NZAC04271405_label.jpg,ethanol_flat_typed,"NEW ZEALAND, BR, Sewell Peak,\n30 March 2009, R. Leschen, T. Buckley,\nsifting leaf litter, RL1476, 822 m,\n42.24S, 171.20E",,,,,,,
NZAC04271406,NZAC04271406_label.jpg,ethanol_flat_typed,"NEW ZEALAND, TO, Taupo, Craters of\nthe Moon, 26 Apr 2006, G. Hall,\nR. Hoare, M. Stanley, Sweep Kan1A,\nunder kanuka 38""38'S, 176""04'E",,,,,,,
NZAC04271407,NZAC04271407_label.jpg,ethanol_flat_typed,"NEW ZEALAND, AK, Albert Park\nPrincess St, 2 May 2016\nOn Pelagonium T. Thompson\n36 51.032S, 174 46.044E",,,,,,,
CHR 109902,CHR 109902.jpg,herbsheet_mixed,"BOTANY DIVISION, D.S.I.R., CHRISTCHURCH, N.Z.\nNo.\nBolboschoenus medianus (V.J.Cook) Sojak\nDETERMINAVIT E.Edgar 1.5.89",Scirpus medianus Cook\ndet. A. E. Schuyler 1975,"ERBARIUM, BOTANY DIVISION, D.S.I.R., NEW ZEALAND\nNo 109902\nScirpus medianus, V.J. Cook\nLoc. Waikato River, below Tuakau Bridge B.D.\nHab.\nCol. R. MASON & N.T. MOAR 6055 Date: 19/11/1958\nDet. R. M. Date: 27/5/1959\nRemarks: Styles 2 & 3\n5,000/6/58-94991 A",CHR DATABANK\n- DEC 2023,POISON\nMERCURIC CHLORIDE,,,
CHR 114189,CHR 114189.jpg,herbsheet_mixed,Caladenia Carnea.\nOrchid from Scoresby Viebriei,"HERBARIUM, BOTANY DIVISION, D.S.I.R., NEW ZEALAND\nNo. 114189","114189.\nC. Carnea ?\nLab. Very papmose,\nangle very wide\nbetween lakes on I\nfl.",CHR DATABANK\n- JUL 2024,POISON\nMERCURIC CHLORIDE,,,
CHR 150082,CHR 150082.jpg,herbsheet_mixed,"BOTANY DIVISION, D.S.I.R., CHRISTCHURCH, NEW ZEALAND\nNo. 150082\nAsplenium richardii\nDETERMINAVITDavid R. Given April 1970 S.I.R. 618","No. 150082 BOTANY DIVISION\nCHRISTCHURCH, NEW ZEALAND\nAsplenium hookerianum var. colensoi\nLoc.Cromwell, Otago\nHab.\nCol. J.A.Langbein 8/21 Date: Jan, 1947\nDet. Date:\nRemarks:\nS.I.R. 620",Seen for eFlora\nPJ Brownsey Apr 2016,C ABANK\n-- MAR 2016,STERILISED\nAPR. 1970,,,
CHR 1633,CHR 1633.jpg,herbsheet_mixed,"BOTANY DIVISION, D.S.I.R., CHRISTCHURCH, N.Z.\nNo. CHR1633\nBolboschoenus fluviatilis (Torrey) Sojak\nDETERMINAVIT E.Edgar 1.5.89",Scirpus pervirdis Cook\ndet. A. E. Schuyler 1975,"Scirpus fluviatilis (Torr.) Gray\nAnnotated by Tetsuo Koyama March 1962.\nDepartment of Agriculture, Ottawa.","HERBARIUM, BOTANY DIVISION, D.S.I.R., NEW ZEALAND\nNo. 1633","HERBARIUM OF THE PLANT RESEARCH\nSTATION, NEW ZEALAND.\nNo. 1633\nS. fluviatilis\nScirpus perviridis, V.J. Cook\nDistrict: Date:\nLocality:\nCollector: Det. By\nRemarks:\nT.N.Z. Roy. Soc. val.76 P. 571\n[5,000/6/29-3165",CHR DATABANK\n- JUN 2023,,
CHR 1678,CHR 1678.jpg,herbsheet_mixed,"BOTANY DIVISION, D.S.I.R., CHRISTCHURCH, N.Z.\nNo.\nBolboschoenus caldwellii (V.J.Cook)\nSojak\nDETERMINAVIT E. Edgar 1.5.89",Scirpus caldwellii Cook\ndet. A. E. Schuyler 1975,1678,Scirpus maritimus L.\nV. Macrotachys .\nNorthcote\nAuckland\nEarly July 1921\nD Petrie.,"HERBARIUM OF THE PLANT RESEARCH\nSTATION, NEW ZEALAND.\nNo. 1678\nScirpus robustus\nScirpus Caldwellii, V.J. Cook.\nDistrict: Date:\nLocality:\nCollector: Det. By. [H.H. Allan]\nRemarks:\nT.N.Z. Roy. Soc. V.76 p. 568\n[5,000/6/29-3165","Scirpus maritimus L.\nRevised by TETSUO KOYAMA\nDepartment of Agriculture, Ottawa. Oct. 1962.","BOTANY DIVISION, D.S.I.R., CHRISTCHURCH, NEW ZEALAND\nNo. 1678",CHR DATABANK\n- May 2023
CHR 1679,CHR 1679.jpg,herbsheet_mixed,Scirpus medianus Cook\ndet. A. E. Schuyler 1975,"HERBARIUM OF THE PLANT RESEARCH STATION, NEW ZEALAND.\nNo. 1679","HERBARIUM OF THE PLANT RESEARCH\nSTATION, NEW ZEALAND.\nNo. 1679 S. robustus ?\nx fluviatilis ??\nScirpus medianus, V.J. Cook.\nDistrict: Date:\nLocality:\nCollector: Det. By.\nRemarks: T.N.Z.Roy. Soc. 76 p 570.\n[5,000/6/29-3165",D. Petrie,"BOTANY DIVISION, D.S.I.R., CHRISTCHURCH, N.Z.\nNo.\nBolboschoenus medianus (V.J.Cook) Sojak\nDETERMINAVIT E.Edgar 1.5.89",CHR DATABANK\- JUL 2023,,
CHR 2232 A,CHR 2232 A.jpg,herbsheet_mixed,"HERBARIUM, BOTANY DIVISION, D.S.I.R., NEW ZEALAND\nNo. 2232.A.\nAsplenium bulbiferum.","HERBARIUM OF THE PLANT RESEARCH\nSTATION, NEW ZEALAND.\nNo.2232","District: Date:\nLocality: Kitchener Park Fielding.\nCollector: Det. By.\nRemarks:\n[5,000/4/32-322","Allan Herbarium (CHR), Landcare Research, New Zealand\nCHR 2232\nAborted spores\nAsplenium bulbiferum x gracillmum\nDeterminavit: P.J. Brownsey Date: June 2016",CHR DATABANK\n-- APR 2016,,,
CHR 280023,CHR 280023.jpg,herbsheet_mixed,"CHR BOTANY DIVISION, D.S.I.R., NEW ZEALAND\nLoc. G.R.\nHab.\nCol. Date:\nDet. Date:\nRemarks:\nS.I.R. 590\n25346C-5,000/3/73 TC","CHR 280023 Allan Herbarium, Landcare Research, New Zealand\nBulbophyllum pygmaeum (Sm.) D.L.Jones, M.A.Clem. &\nMolloy\nClements, M.A. & Jones, D.L. The Orchadian 13(11) 499 (2002).\nCurated by: Ford KA 14 June 2006","CHR 280023 BOTANY DIVISION, D.S.I.R., NEWZEALAND\nBulbophyllum pygmaeum\nLoc. Hokit?ka Gorge Scenic Reserve\nWestland 558/567268\nHab. In crown of recently felled\nrimu tree 300ft\Coll. P Wardle Date: 14/1/76\nDet. Date:\nRemarks:",CHR DATABANK\n- JUL 2024,STERILISED\nAPRIL 1976,,,
CHR 303374,CHR 303374.jpg,herbsheet_mixed,"BOTANY DIVISION, D.S.I.R., CHRISTCHURCH, N.Z.\nNo. CHR1633\nBolboschoenus fluviatilis (Torrey) Sojak\nDETERMINAVIT E.Edgar 1.5.89","CHR 303374 BOTANY DIVISION, D.S.I.R., NEW ZEALAND","NAME Scirpus fluviatilis (Torr.)Gray\nFAMILY Cyperaceae\nLOCALITY Island Block, Waikato Basin\nNew Zealand.\nT\nin seepage at road edge.frt\MAP REF. ROGardner 1003 ALT. c. 150'\nDATE 9/3/1975\nBindery Ref589\nDET. ROG\nHERBARIUM, UNIVERSITY OF AUCKLAND, NEW ZEALAND (AKU)",CHR DATABAN\n- JUL 2023,STERILISED\nJAN. 1977,,,
CHR 367434,CHR 367434.jpg,herbsheet_mixed,(Smith) Lindl.\nFAMILY ORCHIDACEAE 1/12\nNAME BULBOPHYLLUM pygmaeum\nCOMMON NAME\nLOCALITY Haparapara River\nHABITAT Just below Highway Bridge\n- east margin coastal forest\nELEVATION 20' HERB No\nDATE COLLECTED\nCOLLECTOR,"CHR 367434 Allan Herbarium, Landcare Research, New Zealand\nOrchidaceae\nIchthyostomum pygmaeum (Sm.) D.L.Jones, M.A.Clem. &\nMolloy\nClements, M.A. & Jones, D.L. The Orchadian 13(11) 499 (2002).\nCurated by: Ford KA 14 June 2006","CHR 367434 BOTANY DIVISION, D.S.I.R., NEW ZEALAND\nBulbophyllum pygmaeum\nLoc. Haparapara River - just belwo Highway\nBridge - east\nHab. Margin coastal forest 20ft\nColl. M.Heginbotham Date: June 1977\nDet. M.Heginbotham Date: June 1977\nRemarks:\nWild plants of Opotiki to East Cape\nReport 1979",large patch\non one tree .\n(northern aspect),Bof Plenty - East.,,,
CHR 388000 A,CHR 388000 A.jpg,herbsheet_mixed,"CHR 388000A BOTANY DIVISION, D.S.I.R., NEW ZEALAND\nAsplenium richardii Hook.f.\nLoc. Matukituki Valley 5115:82_19_, Otago\nHab. On rocks in mixed conifer/hardwood\nforest c.1000ft. Date: 14.10.1975\nB. Molloy\nDet. Date:\nRemarks:",Seen for NZ eFlora\nPJ Brownsey Apr 2016,CHR DATABANK\n-- MAR 2016,,,,,
CHR 593886,CHR 593886.jpg,herbsheet_mixed,"CHR 593886 Allan Herbarium, Landcare Research, New Zealand\nFiordland Collection transferred from Department of Conservation, Te Anau\nDate: October 2007","NATIVE FLORA OF NEW ZEALAND\nHerbarium of R.B. Lavers\nGenus and Species: Aporostylis bifolia\nLocality: Takahe Valley\nGeol. Formn.: Gneiss\nHabitat (edaphic): Bog edge\nVegetation: Hebe - Dacridium  scrub\nNotes on specimen: Found beneath scrub\n+ associated with grasses\nCollector: RBL Date: 7/1/67\nIdentifier: RBL Alt.: 3,500'\nClass: Spermatopsida Monocotyledon\nOrder: Microspermae\nFamily: Orchidaceae",CHR DATABANK\n-- DEC 2023,,,,,
CHR 606957,CHR 606957.jpg,herbsheet_mixed,2412-S\nSmall Fern\n(only 1 plant\nseen) ASP trich,"CHR 606957 Allan Herbarium, Landcare Research, New Zealand\nAsplenium trichomanes L.\nCountry: New Zealand LD: Canterbury Land District\nED: Herbert\nLoc: Starvation Gully\nNZMS 260: N36 047 239 Alt.: 685-710 m\nHab: Rock outcrop face, shallow crevice\nAbundance: One seen\nColl: Rowan Buxton, Susan Wiser Date: 28 Jan 2000\nRemarks: Banks Peninsula Outcrop Survey plot 24-5. Only one plant seen.",Seen for eFlora\nPJ Brownsey Apr 2016,CHR DATABANK\n-- AUG 2008,,,,
CHR 64409,CHR 64409.jpg,herbsheet_mixed,"BOTANY DIVISION, D.S.I.R., CHRISTCHURCH, N.Z.\nNo.\nBolboschoenus caldwellii (V.J.Cook)\nSojak\nDETERMINAVIT E. Edgar 1.5.89",Scirpus caldwellii Cook\ndet. A. E. Schuyler 1975,"B. BOTANY DIV., PLANT RESEARCH BUREAU, D.S.I.R., N.Z.\nNo. 64409\nScirpus Caldwellii.\nWashdyke, South Canterbury\nL\nMap. SIII.\nHAB.\nCOL> R. ason DATE 28.2.1949\nDET. R.\nDATE "" ""\nS :",CHR  DATABANK\n- MAY 2023,,,,
CHR 66631,CHR 66631.jpg,herbsheet_mixed,Caladenia dilatata R.Br.,"HERB. BOTANY DIV., PLANT RESEARCH BUREAU, D.S.I.R., N.Z.\nNo. 66631\nCaladenia dilatata\nLoc. Rose's Tier, Tasmania\nB.D.\nHAB. Floor of very openlight forest\nCOL. L.B. Moore DATE 24th Jan. 1949.\nDET. DATE\nREMARKS:",CHR DATABANK\n- JUL 2024,POISON\nMERCURIC CHLORIDE,,,,
CHR 75355,CHR 75355.jpg,herbsheet_mixed,"CHR 75355 Allan Herbarium, Landcare Research, New Zealand\nAsplenium scolopendrium L.\nSeen for NZ eFlora\nDet.: PJ Brownsey Date: 4 Apr 2016",asplenium scolopendrium L.,"HERBARIUM BOTANY DIVISION, D.S.I.R., N.Z.\nNo. 75355\nScolopendrium vulgare sm.\n(probably var crispum)\nLOC. Hokitika B.D.\nHAB. Under sunny side of house\nCOL. G.A. Usher DATE 16 March 1949\nDET. T. W. Rawson DATE\nREMARKS:\n(S.I.R.-472.)","Landcare Research, Lincoln, New Zealand (CHR)\nNo. 75355\nPhyllitis scolopendrium\nDterminavit: D. Glenny 30.7.02",CHR DATABANK\n-- JUN 2016\nMERCURIC CHLORIDE,,,
CHR 75994,CHR 75994.jpg,herbsheet_mixed,CHR 75994,"HERBARIUM BOTANY DIVISION, D.S.I.R., N.Z.\nNo. 75994 Aporostylis.\nChiloglottis cornuta. Hook.f.\nClinton-Mataura Road\nLOC. B.D.\nS178 ca. 074274\nHAB. Peat bog\nCOL. R. Mason + N.T. Moar 1041 DATE 18.2.1952\nDET. R. M. DATE 18.8.1952\nREMARKS:\n(S.I.R.-472.)",CHR DATABANK\n-- DEC 2023\nMERCURIC CHLORIDE,,,,,
CHR 792,CHR 792.jpg,herbsheet_mixed,"BOTANY DIVISION, D.S.I.R., CHRISTCHURCH, N.Z.\nNO.\nBolboschoenus caldwellii (V.J.Cook)\nSojak\nDETERMINAVIT E. Edgar 1.5.89",Scirpus caldwellii Cook\ndet. A. E. Schuyler 1975,"BOTANY DIVISION, D.S.I.R., CHRISTCHURCH, N.Z.\nNO. 792\nScirpus caldwellii V.J.Cook\nSojak\nDETERMINAVIT E. Edgar 9.6.1972","BOTANY DIVISION, D.S.I.R., CHRISTCHURCH, NEW ZEALAND\nNo. 792","Ag. F./4. DEPARTMENT OF AGRICULTURE.\nHERBARIUM OF THE PLANT RESEARCH STATION, NEW ZEALAND.\nNO. 792 S. robustus\nDistrict: Date:\nLocality: Foxton\nCollector: Det. By\nRemarks:\n[5,000/9/28-8514",CHR DATABANK\n- MAY 2023,,
CHR 88803 B,CHR 88803 B.jpg,herbsheet_mixed,"HERBARIUM, BOTANY DIVISION, D.S.I.R., NEW ZEALAND\nNo. 88803B\nAsplenium trichomanes\nLoc. Yeo Creek, Upper Awatere Val. B.D.\nMarlborough.\nHab. Rock crevice.\nCol. H. H. Allan. Date: 3:4:1949\nDet. Date:\nRemarks:",Seen for NZ eFlora\nPJ Brownsey Apr 2016,CHR DATABANK\n-- FEB 2013,,,,,
CHR 89055,CHR 89055.jpg,herbsheet_mixed,"CHR 89055 Allan Herbarium, Landcare Research, New Zealand\nOrchidaceae\nIchthyostomum pygmaeum (Sm.) D.L.Jones, M.A.Clem. &\nMolloy\nClements, M.A. & Jones, D.L. The Orchadian 13(11) 499 (2002).\nCurated by: Ford KA 14 June 2006","HERBARIUM BOTANY DIVISION, D.S.I.R., N.Z.\nNo. 89055\nBulbophyllum pygmaeum\nLoc. Kahurangi Point, swNelson. B.D.\nnear Lighthouse\nHab.\nCol. [Probably G. Simpson + Date:\nJ. S. Thomson\nDet. L.B. Moore Date: July 1967\nRemarks:\n[10,000/6/52-2950",,,,,,
CHR 219869,CHR 219869.jpg,herbsheet_typed,"CHR 219869 Allan Herbarium, Landcare Research, New Zealand\nHymenophyllum frankliniae Colenso\nDet.: PJ Brownsey Date: 14.10.2013","CHR 219869 BOTANY DIVISION, D.S.I.R., NEW ZEALAND\nHymenophyllum ferrugineum\nLoc. Westland: Saltwater Ecological Reserve\ns63/024076 30m.\nTall mixed podocarp forest on glacial\nHab.\nmoraine. Flat. On fallen logs and tree\nbases\nColl. M. Daellanbach Date: 10.11.1981\nDet. Date:\nRemarks: M. Daellenbach\nalso on tree ferns","Allan Herbarium, Landcare Research, New Zealand\nSeen for the NZ eFlora Date: 2014",CHR DATABANK\n-- MAR 2014,,,,
CHR 325024,CHR 325024.jpg,herbsheet_typed,"CHR 325024 BOTANY DIVISION, D.S.I.R., NEW ZEALAND\nHymenophyllum flabellatum\nLoc. STEWART ISLAND: Head of North Arm,\n Paterson Inlet.\nEpiphytic on tree-fern trunk, tall\nHab.\nforest c.10m asl\nColl. H.D.Wilson 079 Date: 21/3/1978\nDet. Date:\nRemarks:",CHR 325024,"Allan Herbarium, Landcare Research, New Zealand\nSeen for the NZ eFlora Date: 2014",CHR DATABANK\n-- APR 2014\nSTERILISED\nOCT. 1978,,,,
CHR 356734,CHR 356734.jpg,herbsheet_typed,"CHR 356734 BOTANY DIVISION, D.S.I.R., NEW ZEALAND\nHymenophyllum ferruginium\nNorth west Nelson: entrance to Heaphy\nLoc.\ntrack at Brown Hut.\nHab.Epiphyte\nColl.B.B. and B.V. Given Date: 1981\nDet. D.R. Given Date:\nRemarks:","Allan Herbarium, Landcare Research, New Zealand\nSeen for the NZ eFlora Date: 2014","CHR 356734 Allan Herbarium, Landcare Research, New Zealand\nHymenophyllum frankliniae Colenso\nDet.: PJ Brownsey Date: 14.10.2013",CHR DATABANK\n-- APR 2014,,,,
CHR 404581,CHR 404581.jpg,herbsheet_typed,"CHR BOTANY DIVISION, D.S.I.R., NEW ZEALAND\nLoc. G.R.\nHab.\nCol. Date:\nDet. Date:\nRemarks:\nS.I.R. 590\n78204A-5,000/4/76 MTC","CHR 404581 BOTANY DIVISION, D.S.I.R., NEW ZEALAND\nHYMENOPHYLLUM MINIMUM\nLoc. South Westland:Okarito Lagoon on Alt.\nsea cliff on S. edge of tidal inlet. Map.S63\nHab. On dead tree branch hanging out Grid Ref.\nfrom cliff over the sea-water. 824932\nColl. C.C. Ogle 932 Dates:\n20 Jan 1983\nDet. C.C Ogle 20 Jan 1983\nRemarks: Under shade of overhanging kamahi-rata\nNo more than 0.5m a.s.l.\nOnly one patch seen in district.",CHR 404581,"Allan Herbarium, Landcare Research, New Zealand\nSeen for the NZ eFlora Date: 2014",-- May 2014\nCHR DATA BANK\nAUG 1984,,,
CHR 40872,CHR 40872.jpg,herbsheet_typed,"HERB. BOTANY DIV., PLANT RESEARCH BUREAU, D.S.I.R., N.Z.\nNo. 40872\nHymenophyllum malingii Mett.\nLOC. Te Aroha, Coromandel Penin. B.D. T.\nHAB. On Libocedrus\nCOL. L.B. Moore DATE Sept. 1929\nDET. L.B.M. DATE 1929\nREMARKS:",CHR 40872,"Allan Herbarium, Landcare Research, New Zealand\nSeen for the NZ eFlora Date: 2014",CHR DATABANK\n--APR 2014,,,,
CHR 419004,CHR 419004.jpg,herbsheet_typed,"CHR 419004 Allan Herbarium, Landcare Research, New Zealand\nCaladenia minor Hook.f.\nName updated following: Hopper, S.D; Brown, A.P. (2004) Australian Sys. Bot. 17: 171-240.","CHR 419004 BOTANY DIVISION, D.S.I.R., NEW ZEALAND\nCALADENIA CARNEA\nLoc. Karamea, Break Creek, pakihi Alt. 50m\nMap. S12\nGrid Ref.\nHab. 573418\nColl. S. McLennan Dates:\nP.Wardle 30 Nov 1984\nDet. P. Wardle 30 Nov 1984\nRemarks: Forest Park. Flowering",CHR 419004,Australian National Herbarium (CANB)\nPetalochilus minor vel. Aff.\n+/- glabrous ovary / sparse tepaline glands\nDet. D.L. Jones 4 January 2007,CHR DATA BANK\n- AUG 1985,-- MAY 2011\n-- JUL 202?,,
CHR 473121,CHR 473121.jpg,herbsheet_typed,"CHR 473121 Allan Herbarium, Landcare Research, New Zealand\nCaladenia minor Hook.f.\nName updated following: Hopper, S.D; Brown, A.P. (2004) Australian Sys. Bot. 17: 171-240.","CHR 473121 Allan Herbarium, Landcare Research, New Zealand\nOrchidaceae\nPetalochilus chlorostylus (D.L.Jones) D.L.Jones & M.A.Clem.\nJones, D.L. & al. The Orchadian 13(9): 389-419 (2001).\nCurated by: Ford KA 27 June 2006","CHR 473121 BOTANY DIVISION, D.S.I.R., NEW ZEALAND\nCaladenia sp.\nRare\nLoc: N.Z., South Auckland, Meremere Ecological Alt 15 m\nDistrict, Opuatia Wetlands. Map S13\nGrd 929163\nLat 37° 26.3 S\nLng 175° 3.8 E\nHab: Manuka/gorse scrubland at edge of peat bog.\nHab Keys: Unconsolid, lowland, bank, dry, sunny, sheltered,\nshrub\nCol: P.J. de Lange 577 Dates:\n27 Dec 1990\nDet: P.J. de Lange 27 Dec 1990\nRemarks: ' Green Column '. In 1996 this species was more\nabundant here (see WAIK) but has declined as the scrub has\nbecome denser.\nDOM/AS: Leptospermum scoparium, Ulex europaeus, Schoenus\ntendo",--Jul 2024\n--Jul 2007\nCHR DATA BANK\n- - OCT 1991,,,,
CHR 473151,CHR 473151.jpg,herbsheet_typed,"Allan Herbarium, Landcare Research, New Zealand\nCHR 473151\nOrchidaceae\nAdelopetalum tuberculatum (Colenso) D.L.Jones,\nM.A.Clem. & Molloy\nClements, M.A.; Jones, D.L. 2002. The Orchadian 13(11): 498-501.\nCurated by: Ford KA 7 April 2006","CHR 473151 BOTANY DIVISION, D.S.I.R., NEW ZEALAND\nBulbophyllum tuberculatum\nRare\nLoc: N.Z., South Auckland, Hamilton Ecological Alt 30 m\nDistrict, Hamilton City, Masters Avenue Bush. Map S14\nGrd 147758\nLat 37° 47.9 S\nLng 175° 29.3 E\nHab: Kahikatea forest remnant in city.\nHab Keys: Unconsolid, lowland, flat, uppertrunk, moist, shaded, sheltered, tallforest\nCol: P.J. de Lange 639 Dates:\n2 Feb 1991\nDet: P.J. de Lange 2 Feb 1991\nRemarks: Also epiphytic on Purrosia eleangifolia. Specimen\ndead - found on fallen branch after storm. Some living\nspecimens noted on upper branches of trees.\nHOST: Dacrycarpus dacrydioides",CHR DATA BANK\n- - OCT 1991,,,,,
CHR 643263,CHR 643263.jpg,herbsheet_typed,"CHR 643263 Allan Herbarium, Landcare Research, New Zealand\nCaladenia minor Hook.f.\nName updated following: Hopper, S.D; Brown, A.P. (2004) Australian Sys. Bot. 17: 171-240.","CHR 643263 Allan Herbarium, Landcare Research, New Zealand\nCaladenia chlorostyla D.L.Jones, Molloy & M.A.Clem.\nDet.: B.P.J. Molloy Date: 21 Dec 1999\nCountry: New Zealand LD: Nelson Land District\nLoc.: Takaka Hill\nColl.: B.P.J. Molloy Date: 21 Dec 1999\nRemarks: Green.\nOrchidaceae",- - JUL 2024\nCHR DATABANK\n- - FEB 2017,,,,,
CHR 645419,CHR 645419.jpg,herbsheet_typed,"CHR 645419 Allan Herbarium, Landcare Research, New Zealand\nCaladenia bartlettii\nDet.: B.P.J. Molloy Date: Oct 2000\nCountry: New Zealand LD: Marlborough Land District\nLoc.: Mt Robertson, Marlborough\nLat./Long.: -41.353 174.031\nColl.: G. Jane Date: 28 Oct 2000\nOrchidaceae",CHR DATABANK\n- - DEC 2017,,,,,,
CHR 653495,CHR 653495.jpg,herbsheet_typed,"Allan Herbarium, Landcare Research, New Zealand\nCHR 653495","HERBARIUM, MUSEUM OF NEW ZEALAND TE PAPA TONGAREWA\nWELT P032544 duplicate of WELLINGTON, N.Z.\nNotogrammitis billardierei (Wild.) Parris P23\nLoc. New Zealand, Auckland Islands, 83.01 Auckland Islands, Auckland\nIsland, Near Ranui Hut, about 150m from lake.\nLat./Long. 50 32.412' S 166 16.227' E Alt. (m) 29\nMap\nHab. In rata forest. With Caladenia sp.\nColl.  Meudt, Heidi HMM741 Date 11 Jan 2023\nFergus, Alex\nRance, Brian\nMorse, Chris\nStowe, Chris\nThomson, Fiona\nAtkinson, Toni\nDet. Fergus, Alex Date 11 Jan 2023\nCollection Notes\nLeaves on silica gel for DNA collected.\n2023 Strannik Auckland Island Expedition.\nRights\n103537-LND; Permit; Department of Conservation; Current (10 Jan 2023 - 06\nFeb 2023)\n100524-FLO; Permit; Department of Conservation; Current (01 Jan 2023 - 31\nDec 2027)",CHR DATABANK\n- - MAY 2024,,,,,
CHR 655456,CHR 655456.jpg,herbsheet_typed,"Allan Herbarium, Landcare Research, New Zealand\nCHR 655456","HERBARIUM, MUSEUM OF NEW ZEALAND TE PAPA TONGAREWA\nWELT SP119876 duplicate of WELLINGTON, N.Z.\nAciphylla pinnatifida Petri 262\nLoc. New Zealand, South Island, Fiordland (EP), 72.03 Te Anau, Mount\nBurns, south-western flank.\nLat./Long. 45 45.50' S 167 24.20' E Alt. (m) 1330\nMap\nHab. In seepage with Chionochloa, sedges, and mosses.\nColl.  Perrie, Leon LDS 3361 Date 24 Nov 2022\nShepherd, Lara\nDet. Perries, Leon Date 24 Nov 2022\nCollection Notes\nScattered. Coordinates approximate.\nSpecimen Notes\nTwo rosettes. Not flowering.",CHR DATABANK\n- - MAY 2024,,,,,
CHR 679789,CHR 679789.jpg,herbsheet_typed,"CHR 679789 Allan Herbarium, Landcare Research, New Zealand\nCelmisia allanii\nDet.: Mike Thorsen Date: 10 Jun 2014\nCountry: New Zealand LD: Westland Land District\nLoc.: Between Mount Hatless and Mount Boscawen, Plot BH117\nAlt.: 1520 m NZTM: 1537864E 5299408N\nHab.: Tussock and low veg on scree and bedrock.\nColl.: Kate Ladley Date: 10 Mar 2014\nRemarks: DOC Tier 1 and MfE LUCAS Programme Plot: BH117;\nSample Number: 201403907; Voucher Number: BH117_052.\nAsteraceae",CHR DATABANK\n-- JAN 2023,,,,,,
CHR 679790,CHR 679790.jpg,herbsheet_typed,"CHR 679790 Allan Herbarium, Landcare Research, New Zealand\nLeucogenes grandiceps\nDet.: Kate Ladley Date: 10 Mar 2014\nCountry: New Zealand LD: Westland Land District\nLoc.: Between Mount Hatless and Mount Boscawen, Plot BH117\nAlt.: 1520 m NZTM: 1537864E 5299408N\nHab.: Tussock and low veg on scree and bedrock.\nColl.: Kate Ladley Date: 10 Mar 2014\nRemarks: DOC Tier 1 and MfE LUCAS Programme Plot: BH117;\nSample Number: Missing. Voucher Number: BH117_029.\nAsteraceae",CHR DATABANK\n-- JAN 2023,,,,,,
CHR 680775,CHR 680775.jpg,herbsheet_typed,"CHR 680775 Allan Herbarium, Landcare Research, New Zealand\nCoprosma pseudocuneata\nDet.: Alex Fergus Date: 19 Feb 2014\nCountry: New Zealand LD: Southland Land District\nLoc.:Waiau River, Takitimu Mountains, Whare Creek, Plot Q163\nAlt.: 1000 m NZTM: 1194076E 4931106N\nHab.: Short woody shrubland dominated by DRAros (collected for ID), COPfoe\nand HEBhec and odo. Celmisia semicordata subsp. stricta is abundant.\n Some tussock.\nColl.: Alex Fergus Date: 19 Feb 2014\nRemarks: DOC Tier 1 and MfE LUCAS Programme Plot: Q163;\nSample Number: Missing. Voucher Number: Q163_003.\nRubiaceae",CHR DATABANK\n- - FEB 2024,,,,,,
CHR 681268,CHR 681268.jpg,herbsheet_typed,"CHR 681268 Allan Herbarium, Landcare Research, New Zealand\nCarex divaricata\nDet.: Kate Ladley Date: 4 Mar 2015\nCountry: New Zealand LD: Otago Land District\nLoc.: Hunter River, Tongue Spur, Plot AH139\nAlt.: 1550 m NZTM: 1330059E 5123430N\nHab.: The plot has had a recent disturbance event and is dissected by a storm\nwater creek. Either side is sparse cover of native grasses (RYTset and POAcol)\nand herbs.\nColl.: Kate Ladley Date: 4 Mar 2015\nRemarks: DOC Tier 1 and MfE LUCAS Programme Plot: AH139;\nVoucher Number: AH139_061\nCyperaceae",CHR DATABANK\n- - FEB 2023,,,,,,
CHR 683259,CHR 683259.jpg,herbsheet_typed,"CHR 683259 Allan Herbarium, Landcare Research, New Zealand\nBlechnum montanum\nDet.: Rowan Hindmarsh-Walls Date: 24 Jan 2015\nCountry: New Zealand LD: Southland Land District\nLoc.: Lake Te Anau, Worsley Stream, Castle River, Plot P152\nAlt.: 490 m NZTM: 1186310E 5019733N\nHab.: River flat shrubland and grassland with some slightly larger trees of OLEili.\nShrubland not dense, lots of grassland. Prone to avalanches and flooding.\nMix of forest grassland and alpine species.\nColl.: Rowan Hindmarsh-Walls Date: 24 Jan 2015\nRemarks: DOC Tier 1 and MfE LUCAS Programme Plot: P152;\nVoucher Number: P152_042.\nBiechnaceae",CHR DATABANK\n- - JUL 2023,,,,,,
CHR 684345,CHR 684345.jpg,herbsheet_typed,"CHR 684345 Allan Herbarium, Landcare Research, New Zealand\nPectinopitys ferruginea (G.Benn. Ex D.Don.) C.N.Page\nName updated following: Khan et al. (2023). Plants 12(1171)","CHR 684345 Allan Herbarium, Landcare Research, New Zealand\nPrumnopitys ferruginea\nDet.: Barrett Pistoll Date: 7 Jan 2015\nCountry: New Zealand LD: North Auckland Land District\nLoc.: Opouteke River, Kaimaro Stream, Marlborough Forest, Plot BX23\nAlt.: 640 m NZTM: 1665353E 6051116N\nHab.: Mixed broad lead forest with podocarp emergents. Canopy dominated by\nWEIsil subcanopy of tree ferns and mixed broad leaves. Ground cover of\nMICave & UNCINIA spp. Plot mostly open with scattered RIPsca & dense\nFREban along M-P.\nColl.: Barrett Pistoll Date: 7 Jan 2015\nRemarks: DOC Tier 1 and MfE LUCAS Programme Plot: BX23;\nVoucher Numbers: BX23_097, BX23_002. From Kauri dieback area.\nPodocarpaceae",CHR DATABANK\n- - DEC 2023,BX23_097,BX23_002,,,
CHR 685877,CHR 685877.jpg,herbsheet_typed,"CHR 685877 Allan Herbarium, Landcare Research, New Zealand\nDracophyllum prostratum\nDet.: Rowan Hindmarsh-Walls Date: 18 Feb 2015\nCountry: New Zealand LD: Southland Land District\nLoc.: Eyre Mountains, Cromel Stream, Plot V160\nAlt.: 1560 m NZTM: 1233092E 4955200N\nHab.: Mobile scree face with small patches of vegetation, mostly at top of plot.\nPlot contains some Eyre Mountain endemics. Very few bryophytes.\nColl.: Rowan Hindmarsh-Walls Date: 18 Feb 2015\nRemarks: DOC Tier 1 and MfE LUCAS Programme Plot: V160;\nVoucher Number: V160_032.\nEpacridaceea",DATABANK\n- - DEC 2023,,,,,,
CHR 84335,CHR 84335.jpg,herbsheet_typed,"CHR 84335 Allan Herbarium, Landcare Research, New Zealand\nSchefflera digitata\nDet.: Barrett Pistoll Date: 7 Jan 2015\nCountry: New Zealand LD: North Auckland Land District\nLoc.: Opouteke River, Kaimaro Stream, Marlborough Forest, Plot BX23\nAlt.: 640m NZTM: 1665353E 6051116N\nHab.: Mixed broad lead forest with podocarp emergents. Canopy dominated by\nWEIsil subcanopy of tree ferns and mixed broad leaves. Ground cover of\nMICave & UNCINIA spp. Plot mostly open with scattered RIPsca & dense\nFREban along M-P.\nColl.: Barrett Pistoll Date: 7 Jan 2015\nRemarks: DOC Tier 1 and MfE LUCAS Programme Plot: BX23;\nVoucher Numbers: BX23_023, BX23_066. From Kauri dieback area.\nAraliaceae",CHR DATABANK\n-- DEC 2023,,,,,,
NZAC04271366,NZAC04271366_label.jpg,pinned_flat_mixed,Cass South\nIsland N.Z.\n30-XI-58\nJ.S.Armstrong,J.S. Armstrong\nCollection,,,,,,
NZAC04271367,NZAC04271367_label.jpg,pinned_flat_mixed,Sherry River.\nNelson.16.XII.49.\nSweeping Pasture.\nColl.Dauber.,Arthur Parrott\nCollection\ndonated\nJune 1983,,,,,,
NZAC04271368,NZAC04271368_label.jpg,pinned_flat_mixed,Lissonota\nflavo-picta\nF. W. Hutton det.,Arthur Parrott\nCollection\ndonated\nJune 1983,,,,,,
NZAC04271369,NZAC04271369_label.jpg,pinned_flat_mixed,Caanan Track\n21:3:50\nSweeping\nE.Montgomery,,,,,,,
NZAC04271370,NZAC04271370_label.jpg,pinned_flat_mixed,Nelson.\nGarden.\n24-XII.49\nColl.A.Carson.,Arthur Parrott\nCollection\ndonated\nJune 1983,,,,,,
NZAC04271371,NZAC04271371_label.jpg,pinned_flat_mixed,Parasite fr.\npot containing\nmoth larvae,Lissonota\nflavopicta\nFile# 1345,,,,,,
NZAC04271372,NZAC04271372_label.jpg,pinned_flat_mixed,Queenstown\n16.12.49,COLLECTION\nW.G. Howes.,Pimplopterus\nflavopictus (sm)\nDet. awParrott,,,,,
NZAC04271373,NZAC04271373_label.jpg,pinned_flat_mixed,From River\nDry Creek\nCanterbury\n20-12-62\nJ. Broun,,,,,,,
NZAC04271374,NZAC04271374_label.jpg,pinned_flat_mixed,NEW ZEALAND CO\nOld Man Range\n1616m\n20 Feb 1974\nR.R.Forster,On Celmisia,,,,,,
NZAC04271376,NZAC04271376_label.jpg,pinned_flat_mixed,N. E. Long I.\n600' 7.xi.68.\nJ.S.Dugdale,?ex\nOreobolus,Crambinae,,,,,
NZAC04271377,NZAC04271377_label.jpg,pinned_flat_mixed,L. Pukaki\n15.11.55\nB. B. Given,,,,,,,
NZAC04271378,NZAC04271378_label.jpg,pinned_flat_mixed,"Dun Mt.,2000 ft.\n27-11-27,\nE.S.Gourlay.",E.S.Gourlay\nAcc. 1970\nEnt. Div.,,,,,,
NZAC04271379,NZAC04271379_label.jpg,pinned_flat_mixed,"Taupo, N.Z.\n15-2-31\nLake shore\nJ. S. Armstrong",J.S.Armstrong\nCollection,,,,,,
NZAC04271380,NZAC04271380_label.jpg,pinned_flat_mixed,Cass South\nIsland NZ.\n30-XI-58\nJ.S.Armstrong,J.S.Armstrong\nCollection,,,,,,
NZAC04271381,NZAC04271381_label.jpg,pinned_flat_mixed,Nelson.\nGarden.\n24-XII.49.\nColl.A.Carson.,Pimplopterus\nflavopictus (sm)\nDET. A. W. PARROTT,,,,,,
NZAC04271382,NZAC04271382_label.jpg,pinned_flat_mixed,Lissonota sp.\nSeddon. L. J D\n16/12/30,Pimplopterus\nflavopictus (sm)\nDET. A. W. PARROTT,,,,,,
NZAC04271383,NZAC04271383_label.jpg,pinned_flat_mixed,Manapouri\nExp.Jan 70\nJ.McBurney,Spey River\n259m,,,,,,
NZAC04271384,NZAC04271384_label.jpg,pinned_flat_mixed,Lissonota\nflavopicta Sm.\nCh. Ferriere det.,,,,,,,
NZAC04271385,NZAC04271385_label.jpg,pinned_flat_mixed,Nelson\n22.11.29\nE.S.Gourlay,E.S.Gourlay\nAcc. 1970\nEnt. Div.,,,,,,
NZAC04271386,NZAC04271386_label.jpg,pinned_flat_mixed,Dfalls track\n4-1-73,Arthur Parrott\nCollection\ndonated\nJune 1983,,,,,,
NZAC04271352,NZAC04271352_label.jpg,pinned_flat_typed,NEW ZEALAND CO\nWatts Rock\n1200m Jan 1981,Swept\nJ.S.Noyes\nE.W.Valentine,Tussock/grasses\nJuncus\nSphagnum,,,,,
NZAC04271353,NZAC04271353_label.jpg,pinned_flat_typed,NEW ZEALAND NN\nCanaan Saddle\n7 Dec 1980\nNothofagus /\nmixed Podocarpus,J.S.Noyes\nE.Valentine\nA.K.Walker,,,,,,
NZAC04271354,NZAC04271354_label.jpg,pinned_flat_typed,NEW ZEALAND OL\nLake Hawea\nSW side\n7 Dec 1977\nE.Schlinger,,,,,,,
NZAC04271355,NZAC04271355_label.jpg,pinned_flat_typed,NEW ZEALAND CO\nWatts Rock\n1200m Jan 1981,Swept\nJ.S.Noyes\nE.W.Valentine,Tussock/grasses\nJuncus\nSphagnum,,,,,
NZAC04271356,NZAC04271356_label.jpg,pinned_flat_typed,"Mt. Somers,\n18-19-1-58\nM.J.Esson",,,,,,,
NZAC04271357,NZAC04271357_label.jpg,pinned_flat_typed,"Mt.Algidus, 2000'\n2-13-12-59,\nE.S.Gourlay",,,,,,,
NZAC04271358,NZAC04271358_label.jpg,pinned_flat_typed,"NEW ZEALAND BR\nL Rotoiti,600m\nJan 1981\nF.Dodge","Malaise trap,\nedge of\nNothofagus\nforest",,,,,,
NZAC04271359,NZAC04271359_label.jpg,pinned_flat_typed,NEW ZEALAND AK\nTitirangi\nOct 1980,G.W.Ramsay\nMalaise trap\nin garden,,,,,,
NZAC04271360,NZAC04271360_label.jpg,pinned_flat_typed,"NEW ZEALAND CO\nRocklands,800m\n19 Dec 1978-\n2 Jan 1979\nB.I.P.Barratt",Pit trap\nin tussock,,,,,,
NZAC04271361,NZAC04271361_label.jpg,pinned_flat_typed,NEW ZEALAND MK\nLake Tekapo\nDec 1980\nP.Quinn,Malaise trap\nin tussock near\npine plantation,,,,,,
NZAC04271362,NZAC04271362_label.jpg,pinned_flat_typed,NEW ZEALAND MC\nBanks Peninsula\nPrices Valley\nFeb 1981\nR.P.Macfarlane,"Malaise trap,\nedge of\nnative bush",,,,,,
NZAC04271363,NZAC04271363_label.jpg,pinned_flat_typed,NEW ZEALAND CO\nThompson Gorge\nRd 1067m\nDunstan Range\n16 Feb 1976,L.L. Deitz\nsweeping\ntussock,,,,,,
NZAC04271364,NZAC04271364_label.jpg,pinned_flat_typed,NEW ZEALAND AK\nTitirangi\nDec 1980,P.A.Maddison\nMalaise trap\nin garden,,,,,,
NZAC04271365,NZAC04271365_label.jpg,pinned_flat_typed,NEW ZEALAND CL\nClutha R bank\n5km E Clyde\n6 Dec 1977\nE.Schlinger,,,,,,,
NZAC04271387,NZAC04271387_label.jpg,pinned_flat_typed,NEW ZEALAND AK\nTitirangi\nOct 1980,G.W.Ramsay\nMalaise trap\nin garden,,,,,,
NZAC04271388,NZAC04271388_label.jpg,pinned_flat_typed,Manapouri\nExp.Jan 70\nJ.McBurney,Lake W. of\nBorland\nSdle.,,,,,,
NZAC04271389,NZAC04271389_label.jpg,pinned_flat_typed,"Mt.Algidus,2000'\n2-13.12.59\nJ.I.Townsend",,,,,,,
NZAC04271390,NZAC04271390_label.jpg,pinned_flat_typed,NEW ZEALAND CO\nWatts Rock\n1200m Jan 1981,Swept\nJ.S.Noyes\nE.W.Valentine,Tussock/grasses\nJuncus\nSphagnum,,,,,
NZAC04271391,NZAC04271391_label.jpg,pinned_flat_typed,NEW ZEALAND NN\nCanaan Saddle\n7 Dec 1980\nNothofagus /\nmixed Podocarpus,J.S.Noyes\nE.Valentine\nA.K.Walker,,,,,,
NZAC04271392,NZAC04271392_label.jpg,pinned_flat_typed,NEW ZEALAND MK\nHermitage 740m\nHooker Valley\n30-31 Mar 1977\nJ.S. Dugdale,Malaise trap,,,,,,
NZAC04265188,NZAC04265188_label.jpg,pinned_obl_mixed_obsc,"NEW ZEALAND HB.\nLittle Bush,\nPuketitiri.\n10.III.1986\nT.H.& J.M.Davies",,,,,,,
NZAC04265188,NZAC04265188_2_label.jpg,pinned_obl_mixed_obsc,"NEW ZEALAND HB.\nLittle Bush,\nPuketitiri.\n10.III.1986\nT.H.& J.M.Davies",,,,,,,
NZAC04265230,NZAC04265230_label.jpg,pinned_obl_mixed_obsc,"NEW ZEALAND,RI Bruce\nPark,Hunterville\n2.xii.1965\nL.P.Marchant\leaf litter 65/654",ex alcohol\ncollection,,,,,,
NZAC04265230,NZAC04265230_2_label.jpg,pinned_obl_mixed_obsc,"NEW ZEALAND,RI Bruce\nPark,Hunterville\n2.xii.1965\nL.P.Marchant\leaf litter 65/654",ex alcohol\ncollection,,,,,,
NZAC04265240,NZAC04265240_label.jpg,pinned_obl_mixed_obsc,"Nelson, N.Z.\n23.4-264\nE.S.Gourlay",(GLEN),,,,,,
NZAC04265240,NZAC04265240_2_label.jpg,pinned_obl_mixed_obsc,"Nelson, N.Z.\n23.4-264\nE.S.Gourlay",(GLEN),,,,,,
NZAC04265282,NZAC04265282_label.jpg,pinned_obl_mixed_obsc,"Mt.Arthur,3000'\n25.2.24\nA.Philpott",,,,,,,
NZAC04265282,NZAC04265282_2_label.jpg,pinned_obl_mixed_obsc,"Mt.Arthur,3000'\n25.2.24\nA.Philpott",,,,,,,
NZAC04265324,NZAC04265324_label.jpg,pinned_obl_mixed_obsc,Dun Mt. 2000ft\n29.10.28\nA. Philpott,,,,,,,
NZAC04265324,NZAC04265324_2_label.jpg,pinned_obl_mixed_obsc,Dun Mt. 2000ft\n29.10.28\nA. Philpott,,,,,,,
NZAC04265966,NZAC04265966_label.jpg,pinned_obl_mixed_obsc,17.793,sweeping\nCanaan\nnr Nelson\n22.xii.1983,,,,,,
NZAC04265966,NZAC04265966_2_label.jpg,pinned_obl_mixed_obsc,17.793,sweeping\nCanaan\nnr Nelson\n22.xii.1983,,,,,,
NZAC04265998,NZAC04265998_label.jpg,pinned_obl_mixed_obsc,Swept from\nRed Clover,Nelson D.S.I.R.\n19.1.71\nE.W. Valentine,,,,,,
NZAC04265998,NZAC04265998_2_label.jpg,pinned_obl_mixed_obsc,Swept from\nRed Clover,Nelson D.S.I.R.\n19.1.71\nE.W. Valentine,,,,,,
NZAC04271327,NZAC04271327_label.jpg,pinned_obl_mixed_obsc,NEW ZEALAND HB\nHAVELOCK NTH.\n10.2.82\nJG CHARLES\n-at window-,,,,,,,
NZAC04271327,NZAC04271327_2_label.jpg,pinned_obl_mixed_obsc,NEW ZEALAND HB\nHAVELOCK NTH.\n10.2.82\nJG CHARLES\n-at window-,,,,,,,
NZAC04271328,NZAC04271328_label.jpg,pinned_obl_mixed_obsc,NEW ZEALAND HB\nWAIWHENUA\300m\n27 NOV 1984\nJG CHARLES,,,,,,,
NZAC04271328,NZAC04271328_2_label.jpg,pinned_obl_mixed_obsc,NEW ZEALAND HB\nWAIWHENUA\300m\n27 NOV 1984\nJG CHARLES,,,,,,,
NZAC04271329,NZAC04271329_label.jpg,pinned_obl_mixed_obsc,NEW ZEALAND HB\nHAVELOCK NTH\n16 JAN 1985\nJG CHARLES\n-porch-,,,,,,,
NZAC04271329,NZAC04271329_2_label.jpg,pinned_obl_mixed_obsc,NEW ZEALAND HB\nHAVELOCK NTH\n16 JAN 1985\nJG CHARLES\n-porch-,,,,,,,
NZAC04271330,NZAC04271330_label.jpg,pinned_obl_mixed_obsc,Auckland\nex field larvae\n1977-80\nV.A.Holt,,,,,,,
NZAC04271330,NZAC04271330_2_label.jpg,pinned_obl_mixed_obsc,Auckland\nex field larvae\n1977-80\nV.A.Holt,,,,,,,
NZAC04271331,NZAC04271331_label.jpg,pinned_obl_mixed_obsc,NEW ZEALAND SL\nDuck Creek\nAwarua Bog\n8 Apr 1989\nJ.S.Dugdale,,,,,,,
NZAC04271331,NZAC04271331_2_label.jpg,pinned_obl_mixed_obsc,NEW ZEALAND SL\nDuck Creek\nAwarua Bog\n8 Apr 1989\nJ.S.Dugdale,,,,,,,
NZAC04271334,NZAC04271334_label.jpg,pinned_obl_mixed_obsc,NEW ZEALAND MC\nLincoln University\nOrchard IFP block\n2 Feb 1996\nA R Gibb,Malaise trap,Campoplex\ndet. J.A. Berry 96,,,,,
NZAC04271334,NZAC04271334_2_label.jpg,pinned_obl_mixed_obsc,NEW ZEALAND MC\nLincoln University\nOrchard IFP block\n2 Feb 1996\nA R Gibb,Malaise trap,Campoplex\ndet. J.A. Berry 96,,,,,
NZAC04271337,NZAC04271337_label.jpg,pinned_obl_mixed_obsc,Sherry R Nelson\nSweeping pasture\nGrass Oct 1949\nMontgomery,,,,,,,
NZAC04271337,NZAC04271337_2_label.jpg,pinned_obl_mixed_obsc,Sherry R Nelson\nSweeping pasture\nGrass Oct 1949\nMontgomery,,,,,,,
NZAC04271338,NZAC04271338_label.jpg,pinned_obl_mixed_obsc,New Zealand. H.B\nWaitere Block\nTutira.\n29.x.1984\nT. H. & J. M. Davies,,,,,,,
NZAC04271338,NZAC04271338_2_label.jpg,pinned_obl_mixed_obsc,New Zealand. H.B\nWaitere Block\nTutira.\n29.x.1984\nT. H. & J. M. Davies,,,,,,,
NZAC04271339,NZAC04271339_label.jpg,pinned_obl_mixed_obsc,"New Zealand\nHawkes Bay\nLittle Bush, Pukekitiri\n10.XII.1981\nT. H. & J. M. Davies",,,,,,,
NZAC04271339,NZAC04271339_2_label.jpg,pinned_obl_mixed_obsc,"New Zealand\nHawkes Bay\nLittle Bush, Pukekitiri\n10.XII.1981\nT. H. & J. M. Davies",,,,,,,
NZAC04271340,NZAC04271340_label.jpg,pinned_obl_mixed_obsc,NEW ZEALAND FD\nSecretary I\n850m\n30 Nov 1981\nC.F. Butcher,Pan trap\nin alpine\nmats &\ntussock,,,,,,
NZAC04271340,NZAC04271340_2_label.jpg,pinned_obl_mixed_obsc,NEW ZEALAND FD\nSecretary I\n850m\n30 Nov 1981\nC.F. Butcher,Pan trap\nin alpine\nmats &\ntussock,,,,,,
NZAC04271341,NZAC04271341_label.jpg,pinned_obl_mixed_obsc,AUCKLAND IS\nAuckland I\nRanui Cove\n22 Dec 1972\nJ. Farrell,Malaise trap,,,,,,
NZAC04271341,NZAC04271341_2_label.jpg,pinned_obl_mixed_obsc,AUCKLAND IS\nAuckland I\nRanui Cove\n22 Dec 1972\nJ. Farrell,Malaise trap,,,,,,
NZAC04271342,NZAC04271342_label.jpg,pinned_obl_mixed_obsc,"NEW ZEALAND DN /co\nVerter Burn,\nW. of Mt Maungatua\nColl. As pupa\n1 Nov 1993\nJS Dugdale + B Patrick",reared ex\nProditrix\nmegalynta\(Lepiplutellidae)\nem. Jan. 1994.,,,,,,
NZAC04271342,NZAC04271342_2_label.jpg,pinned_obl_mixed_obsc,"NEW ZEALAND DN /co\nVerter Burn,\nW. of Mt Maungatua\nColl. As pupa\n1 Nov 1993\nJS Dugdale + B Patrick",reared ex\nProditrix\nmegalynta\(Lepiplutellidae)\nem. Jan. 1994.,,,,,,
NZAC04271343,NZAC04271343_label.jpg,pinned_obl_mixed_obsc,"NEW ZEALAND CL\nCuvier Is,Nikau\nGrove\27 Feb 1982\nG. Hall",W82/3\nreared\nem:26 Oct 1982,,,,,,
NZAC04271343,NZAC04271343_2_label.jpg,pinned_obl_mixed_obsc,"NEW ZEALAND CL\nCuvier Is,Nikau\nGrove\27 Feb 1982\nG. Hall",W82/3\nreared\nem:26 Oct 1982,,,,,,
NZAC04265171,NZAC04265171_label.jpg,pinned_obl_mixed_vis,"NEW ZEALAND SI\nStephens I\n""Ruston""Bush\nOct 1977",D.G.Newman\nWildlife Service\nPit trap,,,,,,
NZAC04265208,NZAC04265208_label.jpg,pinned_obl_mixed_vis,"NEW ZEALAND SI\nStephens I\n""Ruston""Bush\nJan 1978",D.G.Newman\nWildlife Service\nPit trap,,,,,,
NZAC04265237,NZAC04265237_label.jpg,pinned_obl_mixed_vis,"Dad's Creek, 1800'\nMaitai Riv., 7.4.63\nE.S.Gourlay",,,,,,,
NZAC04265262,NZAC04265262_label.jpg,pinned_obl_mixed_vis,NEW ZEALAND DN\nCatlins Forest\nPark\nWisp Hill\n16 Feb 1982,C.F.Butcher\nSweeping,,,,,,
NZAC04265296,NZAC04265296_label.jpg,pinned_obl_mixed_vis,NEW ZEALAND FD\nSecretary I\nGut Bay\n24 Nov 1981\nC.F.Butcher,litter\nand rotten\nwood\n81/180,,,,,,
NZAC04265942,NZAC04265942_label.jpg,pinned_obl_mixed_vis,NEW ZEALAND ND\nUnuwhao\n25 Nov 1982\nJ.S.Noyes,,,,,,,
NZAC04265982,NZAC04265982_label.jpg,pinned_obl_mixed_vis,Tinline Valley\n17.10.51\nA.W.Parrott,103/51,,,,,,
NZAC04266069,NZAC04266069_label.jpg,pinned_obl_mixed_vis,KAHUTERAWA\n27 4 61\nR.A.CUMBER COLL. / /19,,,,,,,
NZAC04271332,NZAC04271332_label.jpg,pinned_obl_mixed_vis,NEW ZEALAND NN\nNelson\nColl. 16 Jan 03\nP.Shaw,reared\nex leafroller\no clover,,,,,,
NZAC04271333,NZAC04271333_label.jpg,pinned_obl_mixed_vis,NEW ZEALAND AK\n36 57.9S 174 30.7E\nWaitakere Ra 280m\nKauri Grove Tk\nm.v. light 8 Nov\n2009 R.J.B. Hoare\nA.W. Emmerson,Campoplex ?\ndet:\nFR Schnitzler 2010,,,,,,
NZAC04271335,NZAC04271335_label.jpg,pinned_obl_mixed_vis,NEW ZEALAND NN\n5006\nVolker\n4/4/01,Campoplex\nsp ?\ndet. J.A.Berry 19901,,,,,,
NZAC04271336,NZAC04271336_label.jpg,pinned_obl_mixed_vis,ON BAMBOO\nDONALDSON'S FARM\nWAITAKARURU\n29 OCT. 1975\nR.L.HILL,1,,,,,,
NZAC04271344,NZAC04271344_label.jpg,pinned_obl_mixed_vis,ON BAMBOO\nDONALDSON'S FARM\nWAITAKARURU\n29 OCT. 1975\nR.L.HILL,8,,,,,,
NZAC04271345,NZAC04271345_label.jpg,pinned_obl_mixed_vis,Aniseed Valley\n6:30:20\nA.W. Parrot.,,,,,,,
NZAC04271346,NZAC04271346_label.jpg,pinned_obl_mixed_vis,"Tongariro N.P.,\nN.Z.\nWaihohonu\nTrack\n9-1-65\nJ. S. Armstrong",,,,,,,
NZAC04271347,NZAC04271347_label.jpg,pinned_obl_mixed_vis,NEW ZEALAND GB\nTolaga Bay\nParipoupou Stn\n17 Dec 1996\nG. Walker,ex 10mm lepid.\nlarva swept\from clover,,,,,,
NZAC04271348,NZAC04271348_label.jpg,pinned_obl_mixed_vis,85/51,Arthur Parrott\nCollection\ndonated\nJune 1983,,,,,,
NZAC04271349,NZAC04271349_label.jpg,pinned_obl_mixed_vis,Diadegma,Arthur Parrott\nCollection\ndonated\nJune 1983,,,,,,
NZAC04271350,NZAC04271350_label.jpg,pinned_obl_mixed_vis,24/62,Arthur Parrott\nCollection\ndonated\nJune 1983,,,,,,
NZAC04271351,NZAC04271351_label.jpg,pinned_obl_mixed_vis,Lochiel\nNelson\nMarch70,Arthur Parrott\nCollection\ndonated\nJune 1983,,,,,,
NZAC04265158,NZAC04265158_label.jpg,pinned_obl_typed_obsc,NEW ZEALAND AK\nSt Heliers Dingle Dell\n30 Apr 2004\nJ A Berry sweeping\nBioblitz,,,,,,,
NZAC04265158,NZAC04265158_2_label.jpg,pinned_obl_typed_obsc,NEW ZEALAND AK\nSt Heliers Dingle Dell\n30 Apr 2004\nJ A Berry sweeping\nBioblitz,,,,,,,
NZAC04265163,NZAC04265163_label.jpg,pinned_obl_typed_obsc,"NEW ZEALAND, CL\nTapu Rd, Summit\n25.iii.1977\nG.Kuschel",ex alcohol\ncollection,,,,,,
NZAC04265163,NZAC04265163_2_label.jpg,pinned_obl_typed_obsc,"NEW ZEALAND, CL\nTapu Rd, Summit\n25.iii.1977\nG.Kuschel",ex alcohol\ncollection,,,,,,
NZAC04265182,NZAC04265182_label.jpg,pinned_obl_typed_obsc,NEW ZEALAND WI\nPalmerston North\nMonro's Bush\nFeb 1981\nP.Watts,Malaise trap\nin bush,,,,,,
NZAC04265182,NZAC04265182_2_label.jpg,pinned_obl_typed_obsc,NEW ZEALAND WI\nPalmerston North\nMonro's Bush\nFeb 1981\nP.Watts,Malaise trap\nin bush,,,,,,
NZAC04265183,NZAC04265183_label.jpg,pinned_obl_typed_obsc,NEW ZEALAND WO\nRukuhia Moanatuatua\nScientific Reserve\n9 Feb 1998\nG M Barker,Peat bog\nTransect site 13\nS15 187 617\nPitfall trap,,,,,,
NZAC04265183,NZAC04265183_2_label.jpg,pinned_obl_typed_obsc,NEW ZEALAND WO\nRukuhia Moanatuatua\nScientific Reserve\n9 Feb 1998\nG M Barker,Peat bog\nTransect site 13\nS15 187 617\nPitfall trap,,,,,,
NZAC04265190,NZAC04265190_label.jpg,pinned_obl_typed_obsc,NEW ZEALAND MC\nBanks Peninsula\nPrices Valley\nMar 1981\nR.P.Macfarlane,"Malaise trap,\nedge of\nnative bush",,,,,,
NZAC04265190,NZAC04265190_2_label.jpg,pinned_obl_typed_obsc,NEW ZEALAND MC\nBanks Peninsula\nPrices Valley\nMar 1981\nR.P.Macfarlane,"Malaise trap,\nedge of\nnative bush",,,,,,
NZAC04265191,NZAC04265191_label.jpg,pinned_obl_typed_obsc,"NEW ZEALAND, NN\nLake Rotoiti\n9.iii.1965\nJ.I.Townsend\nleaf litter",ex alcohol\ncollection,,,,,,
NZAC04265191,NZAC04265191_2_label.jpg,pinned_obl_typed_obsc,"NEW ZEALAND, NN\nLake Rotoiti\n9.iii.1965\nJ.I.Townsend\nleaf litter",ex alcohol\ncollection,,,,,,
NZAC04265193,NZAC04265193_label.jpg,pinned_obl_typed_obsc,NEW ZEALAND BR\nLake Rotoiti\n24 Dec 1982\nA.K.Walker,Pan trap in\nNothofagus\nforest,,,,,,
NZAC04265193,NZAC04265193_2_label.jpg,pinned_obl_typed_obsc,NEW ZEALAND BR\nLake Rotoiti\n24 Dec 1982\nA.K.Walker,Pan trap in\nNothofagus\nforest,,,,,,
NZAC04265211,NZAC04265211_label.jpg,pinned_obl_typed_obsc,"NEW ZEALAND,WD Sunny\nFlat,Haast R,100m\n25 1.1978.G.Kuschel\nsifted litter 78/54",ex alcohol\ncollection,,,,,,
NZAC04265211,NZAC04265211_2_label.jpg,pinned_obl_typed_obsc,"NEW ZEALAND,WD Sunny\nFlat,Haast R,100m\n25 1.1978.G.Kuschel\nsifted litter 78/54",ex alcohol\ncollection,,,,,,
NZAC04265214,NZAC04265214_label.jpg,pinned_obl_typed_obsc,"NEW ZEALAND OL\nLake Hawea,\nKirks Bush,\n16 Jan 1981\nJ.S.Noyes and",E.W.Valentine\nSweeping\nNothofagus,,,,,,
NZAC04265214,NZAC04265214_2_label.jpg,pinned_obl_typed_obsc,"NEW ZEALAND OL\nLake Hawea,\nKirks Bush,\n16 Jan 1981\nJ.S.Noyes and",E.W.Valentine\nSweeping\nNothofagus,,,,,,
NZAC04265231,NZAC04265231_label.jpg,pinned_obl_typed_obsc,"NEW ZEALAND,WD 150m\nJackson Taramakau\n26.i.1978.G.Kuschel\nsifted litter/rotten\nwood. 78/55",ex alcohol\ncollection,,,,,,
NZAC04265231,NZAC04265231_2_label.jpg,pinned_obl_typed_obsc,"NEW ZEALAND,WD 150m\nJackson Taramakau\n26.i.1978.G.Kuschel\nsifted litter/rotten\nwood. 78/55",ex alcohol\ncollection,,,,,,
NZAC04265232,NZAC04265232_label.jpg,pinned_obl_typed_obsc,NEW ZEALAND BP\nWaiaroho\nDec 1992-27 Jan 1993\nJ S Dugdale\nMalaise trap (damaged),,,,,,,
NZAC04265232,NZAC04265232_2_label.jpg,pinned_obl_typed_obsc,NEW ZEALAND BP\nWaiaroho\nDec 1992-27 Jan 1993\nJ S Dugdale\nMalaise trap (damaged),,,,,,,
NZAC04265246,NZAC04265246_label.jpg,pinned_obl_typed_obsc,NEW ZEALAND AK\nBirkenhead\nFeb 1981,J.F.Longworth\nMalaise trap in\nsecond growth\nbush,,,,,,
NZAC04265246,NZAC04265246_2_label.jpg,pinned_obl_typed_obsc,NEW ZEALAND AK\nBirkenhead\nFeb 1981,J.F.Longworth\nMalaise trap in\nsecond growth\nbush,,,,,,
NZAC04265276,NZAC04265276_label.jpg,pinned_obl_typed_obsc,"NEW ZEALAND,SL\nWarepa Res,Nof Owaka\n18.i.1978.G.Kuschel\n14. .78/40",ex alcohol\ncollection,,,,,,
NZAC04265276,NZAC04265276_2_label.jpg,pinned_obl_typed_obsc,"NEW ZEALAND,SL\nWarepa Res,Nof Owaka\n18.i.1978.G.Kuschel\n14. .78/40",ex alcohol\ncollection,,,,,,
NZAC04265285,NZAC04265285_label.jpg,pinned_obl_typed_obsc,NEW ZEALAND BP\nTe Koau Hovells\nWatching Dog 480m\n31 Jan 1993\nJ S Dugdale Litter 93/12,,,,,,,
NZAC04265285,NZAC04265285_2_label.jpg,pinned_obl_typed_obsc,NEW ZEALAND BP\nTe Koau Hovells\nWatching Dog 480m\n31 Jan 1993\nJ S Dugdale Litter 93/12,,,,,,,
NZAC04265288,NZAC04265288_label.jpg,pinned_obl_typed_obsc,NEW ZEALAND ND\nNgaiotonga Saddle\n3 Nov 1981\nG Kuschel 81/120\nLitter & decayed wood,,,,,,,
NZAC04265288,NZAC04265288_2_label.jpg,pinned_obl_typed_obsc,NEW ZEALAND ND\nNgaiotonga Saddle\n3 Nov 1981\nG Kuschel 81/120\nLitter & decayed wood,,,,,,,
NZAC04265319,NZAC04265319_label.jpg,pinned_obl_typed_obsc,"NEW ZEALAND,NN\nTawhai S.F.\n12.iv.1972\nJ.McBurney BFUP\nlitter 72/134",ex alcohol\ncollection,,,,,,
NZAC04265319,NZAC04265319_2_label.jpg,pinned_obl_typed_obsc,"NEW ZEALAND,NN\nTawhai S.F.\n12.iv.1972\nJ.McBurney BFUP\nlitter 72/134",ex alcohol\ncollection,,,,,,
NZAC04266086,NZAC04266086_label.jpg,pinned_obl_typed_obsc,NEW ZEALAND ND\nWaipoua SF\n13 Dec 1983\nA.K. Walker,Swept mixed\nvegetation,,,,,,
NZAC04266086,NZAC04266086_2_label.jpg,pinned_obl_typed_obsc,NEW ZEALAND ND\nWaipoua SF\n13 Dec 1983\nA.K. Walker,Swept mixed\nvegetation,,,,,,
NZAC04266119,NZAC04266119_label.jpg,pinned_obl_typed_obsc,"NEW ZEALAND ND\nPoor Knights Is\nAorangi,Puweto\nValley\n16 Nov 1981",J.C.Watt\nSifted litter\n81/137,,,,,,
NZAC04266119,NZAC04266119_2_label.jpg,pinned_obl_typed_obsc,"NEW ZEALAND ND\nPoor Knights Is\nAorangi,Puweto\nValley\n16 Nov 1981",J.C.Watt\nSifted litter\n81/137,,,,,,
NZAC04274491,NZAC04274491_label.jpg,pinned_obl_typed_obsc,"NEW ZEALAND AK\nWaitakere Ra\nJan 1981,J.Noyes",,,,,,,
NZAC04274491,NZAC04274491_2_label.jpg,pinned_obl_typed_obsc,"NEW ZEALAND AK\nWaitakere Ra\nJan 1981,J.Noyes",,,,,,,
NZAC04274567,NZAC04274567_label.jpg,pinned_obl_typed_obsc,NEW ZEALAND CL\nKaueranga V\n14 Nov 1980\nJ.S.Noyes,,,,,,,
NZAC04274567,NZAC04274567_2_label.jpg,pinned_obl_typed_obsc,NEW ZEALAND CL\nKaueranga V\n14 Nov 1980\nJ.S.Noyes,,,,,,,
NZAC04265201,NZAC04265201_label.jpg,pinned_obl_typed_vis,NEW ZEALAND CO\nClyde\nJan + Feb 1999\nCH Wearing\nHym 12/99,,,,,,,
NZAC04265203,NZAC04265203_label.jpg,pinned_obl_typed_vis,NEW ZEALAND HB\nWhite Pine Bush\n18 Nov 1984\nJ.G. Charles,Litter beneath\nPodocarpus\ndacrydiodes,,,,,,
NZAC04265215,NZAC04265215_label.jpg,pinned_obl_typed_vis,NEW ZEALAND WO\nRukuhia Moanatuatua\nScientific Reserve\n9 Feb 1998\nG M Barker,Peat bog\nTransect site 13\nS15 187 617\nPitfall trap,,,,,,
NZAC04265222,NZAC04265222_label.jpg,pinned_obl_typed_vis,NEW ZEALAND OL\nCoronet Peak 1640m\n25 Jan 1995\nBIP Barratt,,,,,,,
NZAC04265245,NZAC04265245_label.jpg,pinned_obl_typed_vis,"NEW ZEALAND OL\nLake Hawea,\nKirks Bush,\n16 Jan 1981\nJ.S.Noyes and",E.W.Valentine\nSweeping\nNothofagus,,,,,,
NZAC04265275,NZAC04265275_label.jpg,pinned_obl_typed_vis,NEW ZEALAND MC\nBanks Peninsula\nPrices Valley\nMar 1981\nR.P.Macfarlane,"Malaise trap,\nedge of\nnative bush",,,,,,
NZAC04265289,NZAC04265289_label.jpg,pinned_obl_typed_vis,NEW ZEALAND BP\nTe Koau Hovells\nWatching Dog 480m\n31 Jan 1993\nJ S Dugdale Litter 93/12,,,,,,,
NZAC04265313,NZAC04265313_label.jpg,pinned_obl_typed_vis,NEW ZEALAND WD\nWestland N P\nFranz Josef Glacier\n250m 2 Jan 1984\nL Masner NZ 29,,,,,,,
NZAC04265316,NZAC04265316_label.jpg,pinned_obl_typed_vis,NEW ZEALAND AK\nBirkenhead\nNov 1980,J.F.Longworth\nMalaise trap in\nsecond growth\nbush,,,,,,
NZAC04265321,NZAC04265321_label.jpg,pinned_obl_typed_vis,NEW ZEALAND GB\nTaikawakawa 300m\n1 May 1993\nC T Duval\nLitter 93/106,,,,,,,
NZAC04266031,NZAC04266031_label.jpg,pinned_obl_typed_vis,NEW ZEALAND BP\nRereauira Swamp\n26 Jan-9 Mar 1993\nJS Dugdale\nPit traps,,,,,,,
NZAC04266058,NZAC04266058_label.jpg,pinned_obl_typed_vis,"NEW ZEALAND ND\nPoor Knights Is\nAorangi,ridge\nto Oneho Hill\n17 Nov 1981",J.C.Watt\nSifted litter\n81/141,,,,,,
NZAC04266123,NZAC04266123_label.jpg,pinned_obl_typed_vis,NEW ZEALAND BP\nWaiaroho\n21 Oct-25 Nov 1992\nG Hall\nMalaise trap,,,,,,,
NZAC04266127,NZAC04266127_label.jpg,pinned_obl_typed_vis,NEW ZEALAND ND\nPoor Knights\nTawhiti Rahi\n2-10 Dec 1980\nM F Tocker,Pan trap in\nnative bush,,,,,,
NZAC04274358,NZAC04274358_label.jpg,pinned_obl_typed_vis,"NEW ZEALAND AK\nWaitakere Ra\nJan 1981,J.Noyes",,,,,,,
NZAC04274520,NZAC04274520_label.jpg,pinned_obl_typed_vis,NEW ZEALAND AK\nHuia\nDec 1980,B.M.May\nMalaise trap\nin bush,,,,,,
NZAC04274581,NZAC04274581_label.jpg,pinned_obl_typed_vis,NEW ZEALAND GB\nKakanui 300m\n1 Feb 1993\nJ S Dugdale\nLitter 93/13,,,,,,,
NZAC04274600,NZAC04274600_label.jpg,pinned_obl_typed_vis,NEW ZEALAND CL\n19km E of Tapu\n31 Jan 1981\nJ.S.Noyes,,,,,,,
NZAC04274602,NZAC04274602_label.jpg,pinned_obl_typed_vis,NEW ZEALAND BP\nPapatea knoll\nJM MT site\n5 Nov 1993\nR Henderson,Litter\n93/117,,,,,,
NZAC04274614,NZAC04274614_label.jpg,pinned_obl_typed_vis,NEW ZEALAND CL\nLittle Barrier I\nPohutukawa Flat\n20 Feb 1976\nA.K. Walker,Sweeping,,,,,,
